Date,Product,Quantity,Sales
2022-01-01,Monitor,4,1471.87
2022-01-02,Tablet,7,4984.03
2022-01-03,Tablet,8,4192.79
2022-01-04,Tablet,6,3307.79
2022-01-05,Mouse,2,117.68
2022-01-06,Phone,5,4654.28
2022-01-07,Laptop,10,10194.68
2022-01-08,Laptop,10,18133.81
2022-01-09,Printer,3,839.8
2022-01-10,Laptop,3,4125.65
2022-01-11,Mouse,3,163.44
2022-01-12,Phone,4,4383.9
2022-01-13,Laptop,2,2721.3
2022-01-14,Phone,4,3667.78
2022-01-15,Headphones,7,1612.77
2022-01-16,Tablet,1,715.75
2022-01-17,Headphones,2,301.35
2022-01-18,Keyboard,6,765.35
2022-01-19,Phone,4,3760.46
2022-01-20,Printer,8,2002.24
2022-01-21,Keyboard,7,850.44
2022-01-22,Mouse,2,138.35
2022-01-23,Monitor,5,2165.39
2022-01-24,Headphones,9,1565.84
2022-01-25,Mouse,1,57.25
2022-01-26,Laptop,8,10736.07
2022-01-27,Printer,3,761.14
2022-01-28,Laptop,5,7542.58
2022-01-29,Phone,7,8239.81
2022-01-30,Laptop,8,13567.44
2022-01-31,Headphones,2,336.52
2022-02-01,Keyboard,8,930.28
2022-02-02,Mouse,3,159.22
2022-02-03,Tablet,1,670.09
2022-02-04,Tablet,5,2855.43
2022-02-05,Keyboard,7,1141.23
2022-02-06,Tablet,9,6384.66
2022-02-07,Headphones,3,585.79
2022-02-08,Monitor,7,3342.32
2022-02-09,Headphones,5,848.0
2022-02-10,Monitor,7,3036.59
2022-02-11,Headphones,7,1254.24
2022-02-12,Tablet,3,2381.36
2022-02-13,Keyboard,4,674.74
2022-02-14,Keyboard,10,1218.53
2022-02-15,Keyboard,1,115.13
2022-02-16,Laptop,9,11769.95
2022-02-17,Keyboard,8,905.14
2022-02-18,Tablet,9,6771.85
2022-02-19,Phone,8,9526.96
2022-02-20,Monitor,6,2803.18
2022-02-21,Headphones,1,161.41
2022-02-22,Keyboard,1,115.32
2022-02-23,Monitor,2,693.71
2022-02-24,Tablet,1,602.08
2022-02-25,Printer,1,249.84
2022-02-26,Laptop,3,5626.33
2022-02-27,Phone,6,8689.34
2022-02-28,Printer,7,1965.29
2022-03-01,Tablet,1,698.88
2022-03-02,Monitor,6,2668.25
2022-03-03,Keyboard,6,670.66
2022-03-04,Tablet,1,651.83
2022-03-05,Printer,3,823.95
2022-03-06,Headphones,4,936.86
2022-03-07,Tablet,4,2504.96
2022-03-08,Printer,7,1917.61
2022-03-09,Printer,7,1653.53
2022-03-10,Phone,8,7996.96
2022-03-11,Laptop,2,2843.72
2022-03-12,Monitor,10,5060.73
2022-03-13,Phone,9,9849.49
2022-03-14,Headphones,1,188.67
2022-03-15,Headphones,5,954.93
2022-03-16,Mouse,7,398.72
2022-03-17,Printer,3,677.0
2022-03-18,Headphones,8,1703.62
2022-03-19,Headphones,1,228.69
2022-03-20,Printer,4,1276.24
2022-03-21,Tablet,9,6345.73
2022-03-22,Tablet,9,6941.48
2022-03-23,Printer,9,2450.88
2022-03-24,Headphones,1,194.91
2022-03-25,Printer,4,1000.13
2022-03-26,Printer,8,2601.95
2022-03-27,Laptop,3,6144.2
2022-03-28,Keyboard,7,959.1
2022-03-29,Keyboard,3,331.57
2022-03-30,Keyboard,8,1165.78
2022-03-31,Keyboard,1,136.99
2022-04-01,Headphones,1,200.79
2022-04-02,Tablet,4,2764.37
2022-04-03,Tablet,1,621.09
2022-04-04,Keyboard,3,368.75
2022-04-05,Headphones,9,1679.04
2022-04-06,Keyboard,5,651.42
2022-04-07,Monitor,3,1026.17
2022-04-08,Laptop,3,4264.6
2022-04-09,Printer,2,647.65
2022-04-10,Phone,3,3661.8
2022-04-11,Printer,8,2143.71
2022-04-12,Monitor,2,674.23
2022-04-13,Monitor,10,3914.65
2022-04-14,Laptop,9,14368.92
2022-04-15,Tablet,6,3258.74
2022-04-16,Monitor,10,4109.97
2022-04-17,Tablet,2,1589.63
2022-04-18,Mouse,4,349.04
2022-04-19,Laptop,8,13247.94
2022-04-20,Headphones,3,603.84
2022-04-21,Monitor,2,768.36
2022-04-22,Keyboard,3,345.59
2022-04-23,Laptop,10,14896.68
2022-04-24,Phone,10,12526.28
2022-04-25,Keyboard,1,114.73
2022-04-26,Laptop,8,11689.22
2022-04-27,Mouse,5,353.07
2022-04-28,Printer,4,992.6
2022-04-29,Keyboard,3,429.47
2022-04-30,Mouse,2,163.71
2022-05-01,Headphones,10,2286.94
2022-05-02,Monitor,3,969.94
2022-05-03,Headphones,10,1591.86
2022-05-04,Phone,10,10728.4
2022-05-05,Laptop,2,2671.86
2022-05-06,Laptop,8,10814.1
2022-05-07,Mouse,5,354.35
2022-05-08,Printer,5,1689.78
2022-05-09,Keyboard,7,811.97
2022-05-10,Tablet,5,2704.55
2022-05-11,Keyboard,9,964.62
2022-05-12,Monitor,1,335.91
2022-05-13,Keyboard,4,492.16
2022-05-14,Headphones,1,219.42
2022-05-15,Keyboard,5,802.64
2022-05-16,Mouse,4,197.11
2022-05-17,Phone,4,4210.39
2022-05-18,Phone,1,787.9
2022-05-19,Printer,5,1261.85
2022-05-20,Printer,7,1858.66
2022-05-21,Phone,1,1141.99
2022-05-22,Headphones,8,1809.38
2022-05-23,Headphones,2,309.31
2022-05-24,Mouse,3,176.02
2022-05-25,Tablet,5,3201.89
2022-05-26,Printer,10,2402.78
2022-05-27,Tablet,2,1162.68
2022-05-28,Monitor,1,396.2
2022-05-29,Phone,8,10205.31
2022-05-30,Keyboard,2,207.43
2022-05-31,Tablet,9,6184.79
2022-06-01,Phone,8,6374.35
2022-06-02,Headphones,9,1264.99
2022-06-03,Phone,5,4350.7
2022-06-04,Laptop,8,9460.6
2022-06-05,Monitor,8,2528.48
2022-06-06,Monitor,5,1614.67
2022-06-07,Monitor,9,2399.99
2022-06-08,Tablet,9,4784.78
2022-06-09,Headphones,9,1045.69
2022-06-10,Keyboard,3,309.72
2022-06-11,Printer,4,947.51
2022-06-12,Tablet,10,5509.07
2022-06-13,Tablet,9,5441.57
2022-06-14,Headphones,5,807.8
2022-06-15,Laptop,7,8960.33
2022-06-16,Mouse,5,232.52
2022-06-17,Monitor,10,2997.35
2022-06-18,Mouse,3,174.44
2022-06-19,Phone,9,9334.49
2022-06-20,Phone,10,7342.22
2022-06-21,Monitor,8,2458.48
2022-06-22,Phone,9,7602.56
2022-06-23,Mouse,5,271.81
2022-06-24,Keyboard,3,331.82
2022-06-25,Keyboard,4,491.4
2022-06-26,Laptop,7,9355.81
2022-06-27,Mouse,6,293.6
2022-06-28,Monitor,10,2909.3
2022-06-29,Headphones,10,1499.32
2022-06-30,Headphones,8,1238.73
2022-07-01,Laptop,3,2806.87
2022-07-02,Mouse,9,392.65
2022-07-03,Printer,1,186.78
2022-07-04,Keyboard,5,427.96
2022-07-05,Tablet,5,2333.99
2022-07-06,Headphones,3,364.45
2022-07-07,Monitor,9,2344.85
2022-07-08,Laptop,1,1142.44
2022-07-09,Printer,7,1687.34
2022-07-10,Laptop,10,14920.32
2022-07-11,Printer,10,1562.59
2022-07-12,Headphones,4,401.68
2022-07-13,Phone,5,3221.24
2022-07-14,Laptop,4,3299.62
2022-07-15,Headphones,3,396.36
2022-07-16,Mouse,6,265.6
2022-07-17,Printer,2,482.72
2022-07-18,Tablet,5,2109.36
2022-07-19,Laptop,2,1982.43
2022-07-20,Printer,1,193.33
2022-07-21,Laptop,6,5705.19
2022-07-22,Tablet,1,420.13
2022-07-23,Tablet,1,573.13
2022-07-24,Mouse,7,366.26
2022-07-25,Monitor,5,1313.55
2022-07-26,Keyboard,3,293.66
2022-07-27,Mouse,10,438.28
2022-07-28,Phone,3,1976.14
2022-07-29,Keyboard,1,71.41
2022-07-30,Tablet,4,2185.17
2022-07-31,Printer,2,362.11
2022-08-01,Headphones,8,888.09
2022-08-02,Keyboard,6,425.19
2022-08-03,Tablet,2,752.77
2022-08-04,Mouse,9,371.5
2022-08-05,Laptop,7,6618.89
2022-08-06,Phone,3,2423.51
2022-08-07,Monitor,6,1631.29
2022-08-08,Phone,2,1190.18
2022-08-09,Phone,3,1728.6
2022-08-10,Keyboard,1,79.33
2022-08-11,Printer,7,1233.77
2022-08-12,Mouse,4,151.41
2022-08-13,Phone,8,5946.59
2022-08-14,Headphones,8,1128.35
2022-08-15,Mouse,2,62.74
2022-08-16,Keyboard,3,248.84
2022-08-17,Monitor,9,2466.57
2022-08-18,Tablet,6,1975.9
2022-08-19,Printer,8,1250.66
2022-08-20,Laptop,3,2905.97
2022-08-21,Printer,3,557.87
2022-08-22,Mouse,10,370.65
2022-08-23,Tablet,3,1054.41
2022-08-24,Phone,6,3924.32
2022-08-25,Mouse,6,219.68
2022-08-26,Phone,2,1061.7
2022-08-27,Laptop,10,10550.1
2022-08-28,Laptop,9,9633.31
2022-08-29,Keyboard,8,585.5
2022-08-30,Laptop,8,6948.83
2022-08-31,Laptop,3,2523.33
2022-09-01,Monitor,8,1583.26
2022-09-02,Keyboard,10,713.45
2022-09-03,Phone,10,7793.26
2022-09-04,Keyboard,8,698.89
2022-09-05,Monitor,2,387.05
2022-09-06,Phone,6,2820.23
2022-09-07,Laptop,7,5999.64
2022-09-08,Mouse,10,391.64
2022-09-09,Keyboard,10,715.63
2022-09-10,Keyboard,9,772.5
2022-09-11,Headphones,10,1374.73
2022-09-12,Tablet,9,2874.7
2022-09-13,Monitor,6,1259.58
2022-09-14,Phone,8,5142.79
2022-09-15,Phone,9,6041.01
2022-09-16,Mouse,6,214.75
2022-09-17,Tablet,8,3642.16
2022-09-18,Tablet,6,2167.56
2022-09-19,Keyboard,5,369.7
2022-09-20,Keyboard,6,392.67
2022-09-21,Tablet,8,2663.6
2022-09-22,Monitor,9,1899.17
2022-09-23,Printer,5,641.83
2022-09-24,Headphones,8,983.91
2022-09-25,Headphones,4,458.26
2022-09-26,Monitor,6,1258.89
2022-09-27,Keyboard,3,219.48
2022-09-28,Keyboard,9,648.02
2022-09-29,Phone,3,1979.56
2022-09-30,Mouse,5,165.12
2022-10-01,Tablet,4,1598.45
2022-10-02,Laptop,4,4067.98
2022-10-03,Phone,6,3443.95
2022-10-04,Mouse,4,161.09
2022-10-05,Keyboard,2,123.1
2022-10-06,Printer,10,1776.02
2022-10-07,Phone,8,5677.09
2022-10-08,Phone,4,3079.87
2022-10-09,Laptop,9,8509.18
2022-10-10,Tablet,8,3342.24
2022-10-11,Monitor,1,232.37
2022-10-12,Mouse,2,76.77
2022-10-13,Laptop,2,1669.17
2022-10-14,Headphones,3,335.97
2022-10-15,Keyboard,8,699.52
2022-10-16,Tablet,9,4301.95
2022-10-17,Tablet,5,1968.54
2022-10-18,Mouse,5,197.14
2022-10-19,Keyboard,4,257.85
2022-10-20,Laptop,10,9949.26
2022-10-21,Monitor,8,1703.97
2022-10-22,Keyboard,3,285.33
2022-10-23,Monitor,1,325.32
2022-10-24,Laptop,1,866.99
2022-10-25,Keyboard,5,400.56
2022-10-26,Printer,8,1079.52
2022-10-27,Keyboard,3,228.43
2022-10-28,Monitor,3,607.9
2022-10-29,Monitor,1,255.8
2022-10-30,Headphones,7,1009.88
2022-10-31,Tablet,7,2852.3
2022-11-01,Laptop,4,7043.98
2022-11-02,Tablet,10,6631.3
2022-11-03,Laptop,6,10361.44
2022-11-04,Mouse,4,243.66
2022-11-05,Headphones,2,460.25
2022-11-06,Headphones,4,905.6
2022-11-07,Phone,5,4499.33
2022-11-08,Monitor,10,3564.8
2022-11-09,Keyboard,10,1298.02
2022-11-10,Laptop,1,1934.47
2022-11-11,Monitor,8,3605.34
2022-11-12,Printer,5,1620.31
2022-11-13,Printer,10,2875.59
2022-11-14,Laptop,6,10375.1
2022-11-15,Tablet,8,4932.07
2022-11-16,Phone,4,3888.13
2022-11-17,Keyboard,7,1119.08
2022-11-18,Mouse,9,603.81
2022-11-19,Mouse,9,730.93
2022-11-20,Phone,9,10321.54
2022-11-21,Tablet,4,2759.91
2022-11-22,Phone,7,7192.35
2022-11-23,Phone,2,2072.92
2022-11-24,Tablet,3,2060.81
2022-11-25,Keyboard,8,898.18
2022-11-26,Mouse,8,628.96
2022-11-27,Laptop,1,1704.12
2022-11-28,Phone,2,2224.8
2022-11-29,Mouse,1,62.04
2022-11-30,Headphones,8,1360.7
2022-12-01,Laptop,7,11746.27
2022-12-02,Monitor,3,1370.15
2022-12-03,Tablet,8,7117.31
2022-12-04,Mouse,1,91.4
2022-12-05,Mouse,8,500.96
2022-12-06,Tablet,2,1605.14
2022-12-07,Phone,6,5703.57
2022-12-08,Keyboard,3,394.17
2022-12-09,Monitor,4,1852.17
2022-12-10,Monitor,3,1578.72
2022-12-11,Printer,10,3899.96
2022-12-12,Headphones,1,195.15
2022-12-13,Monitor,7,3302.87
2022-12-14,Mouse,8,553.64
2022-12-15,Laptop,9,15058.76
2022-12-16,Tablet,8,5563.01
2022-12-17,Keyboard,9,1535.03
2022-12-18,Laptop,8,18125.64
2022-12-19,Phone,3,3892.99
2022-12-20,Printer,4,1087.15
2022-12-21,Headphones,5,1093.97
2022-12-22,Monitor,2,804.82
2022-12-23,Monitor,10,3748.6
2022-12-24,Phone,1,1694.11
2022-12-25,Monitor,5,2364.79
2022-12-26,Phone,3,3306.13
2022-12-27,Monitor,7,3388.25
2022-12-28,Keyboard,9,1159.24
2022-12-29,Phone,5,6126.61
2022-12-30,Keyboard,8,1188.39
2022-12-31,Laptop,10,22214.46
2023-01-01,Monitor,1,415.6
2023-01-02,Phone,3,3229.59
2023-01-03,Phone,9,8352.62
2023-01-04,Monitor,9,3158.05
2023-01-05,Headphones,10,1693.26
2023-01-06,Phone,2,1540.15
2023-01-07,Laptop,5,8736.94
2023-01-08,Laptop,6,9469.85
2023-01-09,Phone,6,5810.87
2023-01-10,Mouse,9,564.66
2023-01-11,Phone,9,7521.1
2023-01-12,Mouse,7,450.24
2023-01-13,Mouse,10,589.79
2023-01-14,Keyboard,2,290.29
2023-01-15,Tablet,5,3199.62
2023-01-16,Headphones,3,485.85
2023-01-17,Printer,4,790.59
2023-01-18,Laptop,7,10182.61
2023-01-19,Monitor,8,2796.69
2023-01-20,Keyboard,6,630.77
2023-01-21,Headphones,4,885.99
2023-01-22,Tablet,3,2118.85
2023-01-23,Tablet,2,1176.76
2023-01-24,Laptop,10,10875.29
2023-01-25,Printer,1,221.93
2023-01-26,Laptop,9,13373.84
2023-01-27,Laptop,7,11206.8
2023-01-28,Tablet,3,2006.29
2023-01-29,Tablet,1,644.54
2023-01-30,Mouse,1,57.07
2023-01-31,Monitor,8,2931.31
2023-02-01,Tablet,8,5686.54
2023-02-02,Mouse,6,403.98
2023-02-03,Printer,6,1716.59
2023-02-04,Laptop,10,20007.31
2023-02-05,Monitor,10,3967.94
2023-02-06,Monitor,5,2382.17
2023-02-07,Monitor,9,3335.91
2023-02-08,Tablet,7,4341.41
2023-02-09,Mouse,2,143.07
2023-02-10,Monitor,1,275.43
2023-02-11,Keyboard,8,1156.87
2023-02-12,Phone,3,3516.07
2023-02-13,Mouse,8,399.11
2023-02-14,Monitor,8,2635.27
2023-02-15,Laptop,4,5653.66
2023-02-16,Phone,1,1113.02
2023-02-17,Printer,10,2464.66
2023-02-18,Tablet,10,8311.6
2023-02-19,Phone,7,8095.38
2023-02-20,Printer,3,666.21
2023-02-21,Tablet,7,5554.74
2023-02-22,Headphones,9,1590.13
2023-02-23,Phone,9,9330.92
2023-02-24,Laptop,1,1196.53
2023-02-25,Tablet,8,5438.67
2023-02-26,Keyboard,5,676.45
2023-02-27,Laptop,1,1474.72
2023-02-28,Headphones,10,1722.82
2023-03-01,Mouse,5,319.61
2023-03-02,Printer,8,1908.28
2023-03-03,Tablet,2,1451.72
2023-03-04,Mouse,10,906.45
2023-03-05,Tablet,2,1495.12
2023-03-06,Phone,3,3087.54
2023-03-07,Printer,6,1640.38
2023-03-08,Monitor,1,436.57
2023-03-09,Laptop,3,4975.52
2023-03-10,Tablet,10,8095.0
2023-03-11,Tablet,2,1586.47
2023-03-12,Tablet,3,2339.3
2023-03-13,Keyboard,8,806.45
2023-03-14,Tablet,9,5336.15
2023-03-15,Tablet,9,6146.44
2023-03-16,Tablet,2,1273.91
2023-03-17,Printer,6,1697.92
2023-03-18,Phone,2,2258.71
2023-03-19,Keyboard,5,834.19
2023-03-20,Mouse,1,58.1
2023-03-21,Phone,8,8356.0
2023-03-22,Tablet,10,7169.81
2023-03-23,Tablet,8,5483.23
2023-03-24,Mouse,1,78.11
2023-03-25,Keyboard,8,1321.71
2023-03-26,Laptop,9,18715.94
2023-03-27,Mouse,9,530.7
2023-03-28,Mouse,10,688.63
2023-03-29,Laptop,3,4426.39
2023-03-30,Monitor,2,829.83
2023-03-31,Headphones,2,391.12
2023-04-01,Monitor,2,1023.02
2023-04-02,Printer,1,272.39
2023-04-03,Phone,8,8187.26
2023-04-04,Mouse,3,181.58
2023-04-05,Monitor,10,3526.04
2023-04-06,Laptop,2,3389.08
2023-04-07,Keyboard,5,539.1
2023-04-08,Mouse,6,461.49
2023-04-09,Phone,4,5035.29
2023-04-10,Tablet,1,677.27
2023-04-11,Keyboard,1,138.29
2023-04-12,Keyboard,10,1514.34
2023-04-13,Headphones,7,1224.93
2023-04-14,Mouse,1,62.16
2023-04-15,Tablet,10,6020.44
2023-04-16,Monitor,10,4484.06
2023-04-17,Headphones,1,165.82
2023-04-18,Tablet,9,5918.58
2023-04-19,Mouse,4,239.31
2023-04-20,Printer,2,467.47
2023-04-21,Tablet,3,2027.88
2023-04-22,Laptop,8,15456.62
2023-04-23,Printer,5,1496.78
2023-04-24,Tablet,4,2135.24
2023-04-25,Tablet,1,586.32
2023-04-26,Phone,6,5617.21
2023-04-27,Printer,1,235.1
2023-04-28,Laptop,8,13243.71
2023-04-29,Printer,8,2335.87
2023-04-30,Headphones,9,2110.83
2023-05-01,Monitor,2,721.52
2023-05-02,Headphones,7,1093.47
2023-05-03,Mouse,8,474.87
2023-05-04,Headphones,10,1940.49
2023-05-05,Laptop,7,10134.7
2023-05-06,Laptop,4,5724.28
2023-05-07,Laptop,6,9621.93
2023-05-08,Keyboard,5,623.34
2023-05-09,Tablet,1,537.47
2023-05-10,Printer,5,1130.1
2023-05-11,Keyboard,6,642.52
2023-05-12,Printer,9,2147.03
2023-05-13,Printer,6,1735.3
2023-05-14,Tablet,8,5341.51
2023-05-15,Keyboard,6,693.28
2023-05-16,Headphones,4,771.66
2023-05-17,Phone,1,859.21
2023-05-18,Phone,1,897.26
2023-05-19,Laptop,4,5143.54
2023-05-20,Phone,6,7042.71
2023-05-21,Monitor,2,746.96
2023-05-22,Phone,7,6666.62
2023-05-23,Mouse,3,174.79
2023-05-24,Tablet,6,4037.09
2023-05-25,Monitor,9,3534.47
2023-05-26,Phone,8,7467.64
2023-05-27,Headphones,7,1524.66
2023-05-28,Tablet,4,3355.02
2023-05-29,Keyboard,10,1284.81
2023-05-30,Monitor,3,1209.46
2023-05-31,Headphones,7,1151.92
2023-06-01,Headphones,9,1306.75
2023-06-02,Monitor,4,1250.9
2023-06-03,Mouse,8,471.07
2023-06-04,Printer,3,795.08
2023-06-05,Headphones,2,315.18
2023-06-06,Tablet,3,1200.39
2023-06-07,Headphones,10,1294.55
2023-06-08,Keyboard,1,95.26
2023-06-09,Monitor,1,311.98
2023-06-10,Mouse,8,511.07
2023-06-11,Headphones,5,789.68
2023-06-12,Headphones,8,1024.28
2023-06-13,Phone,1,1007.49
2023-06-14,Phone,5,4164.89
2023-06-15,Phone,4,2677.46
2023-06-16,Tablet,10,4713.62
2023-06-17,Keyboard,3,413.16
2023-06-18,Monitor,1,409.68
2023-06-19,Tablet,10,5247.02
2023-06-20,Monitor,10,3078.2
2023-06-21,Headphones,2,309.71
2023-06-22,Mouse,9,436.88
2023-06-23,Keyboard,6,590.6
2023-06-24,Printer,7,1858.48
2023-06-25,Laptop,4,5094.39
2023-06-26,Tablet,9,4643.65
2023-06-27,Laptop,2,2812.02
2023-06-28,Headphones,7,1211.45
2023-06-29,Monitor,10,2371.45
2023-06-30,Keyboard,9,922.88
2023-07-01,Laptop,5,6517.14
2023-07-02,Laptop,9,9482.58
2023-07-03,Printer,6,1106.4
2023-07-04,Mouse,1,47.7
2023-07-05,Laptop,8,8455.93
2023-07-06,Monitor,6,1728.71
2023-07-07,Headphones,4,506.35
2023-07-08,Monitor,5,1524.3
2023-07-09,Headphones,10,1642.09
2023-07-10,Mouse,1,42.16
2023-07-11,Laptop,3,3340.4
2023-07-12,Monitor,8,2110.68
2023-07-13,Monitor,2,531.82
2023-07-14,Monitor,4,807.04
2023-07-15,Printer,2,433.0
2023-07-16,Phone,5,3650.21
2023-07-17,Laptop,7,6694.63
2023-07-18,Mouse,6,303.81
2023-07-19,Monitor,2,504.75
2023-07-20,Phone,1,678.18
2023-07-21,Phone,8,5643.13
2023-07-22,Tablet,8,4286.86
2023-07-23,Laptop,4,4368.87
2023-07-24,Printer,5,906.81
2023-07-25,Printer,5,692.67
2023-07-26,Phone,2,1488.31
2023-07-27,Printer,6,1101.85
2023-07-28,Laptop,9,8814.34
2023-07-29,Mouse,9,472.88
2023-07-30,Keyboard,4,375.96
2023-07-31,Keyboard,3,270.23
2023-08-01,Laptop,7,6653.58
2023-08-02,Tablet,1,374.56
2023-08-03,Laptop,5,3984.3
2023-08-04,Monitor,1,193.68
2023-08-05,Mouse,3,111.33
2023-08-06,Headphones,9,1326.65
2023-08-07,Tablet,6,2719.35
2023-08-08,Phone,3,1856.6
2023-08-09,Phone,9,4770.33
2023-08-10,Tablet,5,1861.43
2023-08-11,Keyboard,5,411.77
2023-08-12,Mouse,10,371.69
2023-08-13,Headphones,7,948.59
2023-08-14,Keyboard,2,150.69
2023-08-15,Mouse,7,306.24
2023-08-16,Tablet,7,2624.17
2023-08-17,Tablet,4,1536.65
2023-08-18,Mouse,6,211.69
2023-08-19,Headphones,5,637.71
2023-08-20,Headphones,3,366.57
2023-08-21,Keyboard,2,150.46
2023-08-22,Phone,1,529.47
2023-08-23,Headphones,10,1117.3
2023-08-24,Monitor,7,1701.91
2023-08-25,Mouse,10,345.59
2023-08-26,Printer,4,652.13
2023-08-27,Keyboard,1,87.49
2023-08-28,Headphones,8,799.25
2023-08-29,Mouse,7,260.84
2023-08-30,Keyboard,6,557.19
2023-08-31,Phone,9,5549.52
2023-09-01,Monitor,10,2002.78
2023-09-02,Phone,8,4794.63
2023-09-03,Printer,1,180.55
2023-09-04,Phone,8,4166.03
2023-09-05,Tablet,4,1654.74
2023-09-06,Phone,3,1540.86
2023-09-07,Headphones,10,1283.38
2023-09-08,Monitor,1,184.01
2023-09-09,Tablet,2,1047.32
2023-09-10,Keyboard,5,340.53
2023-09-11,Monitor,3,690.72
2023-09-12,Phone,9,6154.1
2023-09-13,Keyboard,9,649.81
2023-09-14,Tablet,7,2449.49
2023-09-15,Mouse,2,59.95
2023-09-16,Monitor,9,1834.11
2023-09-17,Laptop,7,7791.66
2023-09-18,Headphones,10,995.42
2023-09-19,Keyboard,10,711.84
2023-09-20,Headphones,8,861.13
2023-09-21,Mouse,1,29.29
2023-09-22,Laptop,6,5836.8
2023-09-23,Laptop,7,7080.05
2023-09-24,Phone,5,3101.29
2023-09-25,Headphones,5,558.14
2023-09-26,Tablet,6,1773.11
2023-09-27,Headphones,10,1178.91
2023-09-28,Monitor,2,369.2
2023-09-29,Keyboard,1,69.91
2023-09-30,Headphones,8,1019.43
2023-10-01,Keyboard,10,800.23
2023-10-02,Printer,10,1573.56
2023-10-03,Keyboard,9,510.58
2023-10-04,Monitor,3,632.91
2023-10-05,Printer,6,995.98
2023-10-06,Mouse,4,150.14
2023-10-07,Keyboard,6,543.17
2023-10-08,Laptop,5,5164.65
2023-10-09,Printer,6,862.4
2023-10-10,Mouse,2,71.0
2023-10-11,Laptop,5,3899.19
2023-10-12,Laptop,3,2473.19
2023-10-13,Headphones,7,812.1
2023-10-14,Monitor,6,1514.0
2023-10-15,Headphones,5,667.91
2023-10-16,Laptop,10,6689.67
2023-10-17,Keyboard,2,169.89
2023-10-18,Phone,6,3937.91
2023-10-19,Tablet,7,2459.29
2023-10-20,Mouse,3,108.4
2023-10-21,Phone,2,1522.4
2023-10-22,Phone,9,6472.15
2023-10-23,Mouse,6,242.32
2023-10-24,Laptop,6,4477.9
2023-10-25,Keyboard,4,221.3
2023-10-26,Laptop,5,4469.56
2023-10-27,Phone,8,5187.65
2023-10-28,Monitor,4,704.71
2023-10-29,Mouse,4,160.96
2023-10-30,Keyboard,2,145.91
2023-10-31,Headphones,7,760.61
2023-11-01,Phone,2,2344.11
2023-11-02,Mouse,8,479.48
2023-11-03,Laptop,3,3790.89
2023-11-04,Mouse,9,639.68
2023-11-05,Monitor,1,498.22
2023-11-06,Headphones,4,647.63
2023-11-07,Headphones,4,834.8
2023-11-08,Headphones,6,1027.7
2023-11-09,Headphones,3,561.76
2023-11-10,Monitor,6,2419.27
2023-11-11,Keyboard,5,823.08
2023-11-12,Keyboard,7,1009.26
2023-11-13,Keyboard,6,566.79
2023-11-14,Monitor,5,1808.03
2023-11-15,Monitor,5,1987.43
2023-11-16,Laptop,5,7968.42
2023-11-17,Mouse,2,141.22
2023-11-18,Mouse,4,263.53
2023-11-19,Tablet,5,3533.44
2023-11-20,Headphones,7,1286.59
2023-11-21,Phone,8,8611.93
2023-11-22,Tablet,9,6318.08
2023-11-23,Phone,5,5263.74
2023-11-24,Phone,1,1136.52
2023-11-25,Headphones,1,203.78
2023-11-26,Phone,2,2976.11
2023-11-27,Phone,8,7665.74
2023-11-28,Tablet,6,4322.92
2023-11-29,Headphones,7,1547.8
2023-11-30,Printer,3,718.77
2023-12-01,Printer,9,2679.53
2023-12-02,Monitor,1,496.67
2023-12-03,Keyboard,4,813.51
2023-12-04,Tablet,4,3204.08
2023-12-05,Headphones,3,753.15
2023-12-06,Tablet,10,7711.91
2023-12-07,Printer,8,2230.12
2023-12-08,Printer,10,3182.14
2023-12-09,Phone,2,3257.61
2023-12-10,Tablet,1,822.48
2023-12-11,Laptop,9,14773.65
2023-12-12,Laptop,10,19731.96
2023-12-13,Phone,5,5968.28
2023-12-14,Headphones,8,1793.38
2023-12-15,Printer,2,539.09
2023-12-16,Tablet,10,9501.14
2023-12-17,Monitor,9,4757.76
2023-12-18,Laptop,8,11897.67
2023-12-19,Laptop,2,2898.76
2023-12-20,Keyboard,4,570.97
2023-12-21,Printer,3,870.17
2023-12-22,Keyboard,1,129.89
2023-12-23,Printer,7,2750.08
2023-12-24,Monitor,1,556.33
2023-12-25,Mouse,5,312.78
2023-12-26,Keyboard,8,1244.7
2023-12-27,Monitor,6,3131.76
2023-12-28,Keyboard,9,1337.26
2023-12-29,Monitor,4,1784.54
2023-12-30,Tablet,2,1805.49
2023-12-31,Printer,6,1837.74
2024-01-01,Tablet,5,2944.22
2024-01-02,Monitor,6,2608.55
2024-01-03,Tablet,7,4328.22
2024-01-04,Monitor,9,3223.35
2024-01-05,Printer,5,1134.08
2024-01-06,Printer,8,1937.67
2024-01-07,Laptop,5,7985.8
2024-01-08,Tablet,10,6100.89
2024-01-09,Phone,9,9662.68
2024-01-10,Monitor,2,717.23
2024-01-11,Laptop,9,12253.55
2024-01-12,Phone,10,9213.51
2024-01-13,Keyboard,1,148.68
2024-01-14,Printer,3,920.92
2024-01-15,Monitor,7,2470.91
2024-01-16,Phone,4,2446.61
2024-01-17,Monitor,4,1461.29
2024-01-18,Tablet,10,5944.76
2024-01-19,Mouse,6,403.0
2024-01-20,Mouse,10,638.19
2024-01-21,Keyboard,4,529.03
2024-01-22,Laptop,7,8519.36
2024-01-23,Monitor,4,1627.32
2024-01-24,Mouse,10,579.66
2024-01-25,Monitor,4,1664.49
2024-01-26,Phone,2,2062.34
2024-01-27,Tablet,3,1900.63
2024-01-28,Keyboard,8,1103.63
2024-01-29,Mouse,10,629.5
2024-01-30,Printer,3,737.06
2024-01-31,Printer,4,953.23
2024-02-01,Laptop,2,2848.45
2024-02-02,Monitor,4,1628.64
2024-02-03,Keyboard,1,164.51
2024-02-04,Laptop,6,12213.8
2024-02-05,Tablet,6,3999.42
2024-02-06,Monitor,7,3144.18
2024-02-07,Laptop,4,6980.29
2024-02-08,Mouse,10,638.78
2024-02-09,Mouse,3,155.55
2024-02-10,Mouse,3,216.2
2024-02-11,Tablet,5,3176.72
2024-02-12,Mouse,5,229.47
2024-02-13,Printer,5,1159.09
2024-02-14,Headphones,6,1078.64
2024-02-15,Monitor,2,766.61
2024-02-16,Tablet,1,612.63
2024-02-17,Headphones,8,1632.84
2024-02-18,Laptop,4,6564.18
2024-02-19,Keyboard,8,911.74
2024-02-20,Phone,6,6748.67
2024-02-21,Keyboard,9,1106.69
2024-02-22,Mouse,4,190.88
2024-02-23,Monitor,6,2468.12
2024-02-24,Monitor,2,938.93
2024-02-25,Printer,7,2474.14
2024-02-26,Mouse,10,660.6
2024-02-27,Keyboard,9,1196.8
2024-02-28,Mouse,10,577.13
2024-02-29,Laptop,3,4812.33
2024-03-01,Tablet,9,5494.7
2024-03-02,Laptop,7,15239.07
2024-03-03,Keyboard,7,1132.89
2024-03-04,Mouse,2,130.46
2024-03-05,Headphones,10,2230.52
2024-03-06,Laptop,1,1592.73
2024-03-07,Phone,6,6584.02
2024-03-08,Phone,5,4973.69
2024-03-09,Mouse,2,138.46
2024-03-10,Phone,2,2658.29
2024-03-11,Printer,3,828.29
2024-03-12,Printer,8,2507.96
2024-03-13,Keyboard,10,1022.69
2024-03-14,Mouse,4,259.05
2024-03-15,Phone,4,4211.03
2024-03-16,Printer,8,2901.52
2024-03-17,Mouse,6,444.72
2024-03-18,Mouse,9,544.72
2024-03-19,Printer,10,2695.48
2024-03-20,Phone,9,10846.41
2024-03-21,Printer,3,786.5
2024-03-22,Headphones,3,636.56
2024-03-23,Keyboard,7,1205.39
2024-03-24,Phone,3,3933.23
2024-03-25,Mouse,3,184.72
2024-03-26,Printer,8,1973.44
2024-03-27,Headphones,9,2083.76
2024-03-28,Monitor,9,3889.1
2024-03-29,Monitor,8,2259.01
2024-03-30,Keyboard,2,345.18
2024-03-31,Monitor,3,1514.76
2024-04-01,Tablet,8,4902.21
2024-04-02,Keyboard,1,120.61
2024-04-03,Printer,5,1271.1
2024-04-04,Printer,5,1519.65
2024-04-05,Keyboard,3,337.6
2024-04-06,Printer,9,2727.78
2024-04-07,Printer,1,345.05
2024-04-08,Monitor,7,2742.83
2024-04-09,Phone,4,3782.96
2024-04-10,Headphones,6,1178.03
2024-04-11,Tablet,1,581.25
2024-04-12,Headphones,9,1615.35
2024-04-13,Keyboard,5,798.12
2024-04-14,Tablet,9,6917.56
2024-04-15,Tablet,9,6416.1
2024-04-16,Tablet,2,1238.97
2024-04-17,Mouse,8,569.73
2024-04-18,Phone,6,5745.71
2024-04-19,Phone,5,5539.47
2024-04-20,Headphones,8,1858.32
2024-04-21,Tablet,4,2884.73
2024-04-22,Phone,9,8359.45
2024-04-23,Tablet,9,6014.18
2024-04-24,Monitor,6,2448.09
2024-04-25,Keyboard,3,401.32
2024-04-26,Laptop,4,5751.32
2024-04-27,Tablet,8,6226.86
2024-04-28,Printer,7,2215.86
2024-04-29,Laptop,8,10876.8
2024-04-30,Monitor,7,2586.27
2024-05-01,Phone,9,7788.02
2024-05-02,Monitor,6,1946.97
2024-05-03,Laptop,5,6767.3
2024-05-04,Mouse,4,295.97
2024-05-05,Mouse,2,147.21
2024-05-06,Tablet,1,553.19
2024-05-07,Keyboard,6,611.43
2024-05-08,Keyboard,4,416.21
2024-05-09,Tablet,4,2230.17
2024-05-10,Laptop,9,11916.21
2024-05-11,Keyboard,7,959.49
2024-05-12,Keyboard,9,1305.73
2024-05-13,Phone,3,2688.37
2024-05-14,Laptop,4,5541.45
2024-05-15,Laptop,7,9809.07
2024-05-16,Laptop,3,4292.06
2024-05-17,Printer,1,272.28
2024-05-18,Keyboard,9,1239.59
2024-05-19,Laptop,5,8028.97
2024-05-20,Tablet,9,5718.43
2024-05-21,Headphones,4,630.39
2024-05-22,Headphones,8,1330.72
2024-05-23,Keyboard,9,1117.22
2024-05-24,Printer,7,1809.42
2024-05-25,Printer,3,837.5
2024-05-26,Tablet,2,1636.77
2024-05-27,Printer,4,999.06
2024-05-28,Mouse,3,202.2
2024-05-29,Laptop,9,12315.35
2024-05-30,Headphones,3,551.31
2024-05-31,Monitor,8,3501.76
2024-06-01,Headphones,6,1239.2
2024-06-02,Laptop,3,4167.93
2024-06-03,Phone,4,3873.66
2024-06-04,Tablet,6,2666.08
2024-06-05,Headphones,9,1213.05
2024-06-06,Monitor,4,1293.94
2024-06-07,Keyboard,3,312.73
2024-06-08,Phone,7,6816.32
2024-06-09,Laptop,1,1350.2
2024-06-10,Keyboard,9,760.61
2024-06-11,Phone,1,808.49
2024-06-12,Tablet,8,3812.18
2024-06-13,Tablet,10,4296.84
2024-06-14,Tablet,4,1983.38
2024-06-15,Printer,1,235.08
2024-06-16,Keyboard,1,120.08
2024-06-17,Keyboard,8,886.76
2024-06-18,Laptop,10,11306.96
2024-06-19,Tablet,6,2951.96
2024-06-20,Mouse,1,53.36
2024-06-21,Laptop,1,1161.71
2024-06-22,Monitor,7,2319.4
2024-06-23,Laptop,7,11996.4
2024-06-24,Tablet,1,496.97
2024-06-25,Printer,3,649.88
2024-06-26,Mouse,1,49.09
2024-06-27,Mouse,10,507.24
2024-06-28,Phone,2,1501.64
2024-06-29,Phone,4,3520.4
2024-06-30,Phone,5,3739.61
2024-07-01,Tablet,8,3355.37
2024-07-02,Phone,3,2055.68
2024-07-03,Monitor,9,2333.71
2024-07-04,Laptop,10,10650.78
2024-07-05,Phone,3,2019.89
2024-07-06,Phone,3,2452.61
2024-07-07,Keyboard,9,1005.5
2024-07-08,Headphones,6,786.96
2024-07-09,Tablet,5,1881.96
2024-07-10,Laptop,9,9279.66
2024-07-11,Keyboard,3,233.68
2024-07-12,Monitor,10,2523.77
2024-07-13,Mouse,5,240.46
2024-07-14,Laptop,7,9097.92
2024-07-15,Printer,9,1504.21
2024-07-16,Tablet,2,794.95
2024-07-17,Headphones,3,385.6
2024-07-18,Keyboard,10,781.58
2024-07-19,Keyboard,2,154.21
2024-07-20,Headphones,9,1080.1
2024-07-21,Monitor,7,2311.97
2024-07-22,Phone,9,5049.9
2024-07-23,Keyboard,4,359.61
2024-07-24,Phone,8,4138.9
2024-07-25,Headphones,5,611.73
2024-07-26,Laptop,1,1033.2
2024-07-27,Monitor,4,1251.86
2024-07-28,Phone,3,1930.02
2024-07-29,Tablet,1,476.94
2024-07-30,Printer,6,1031.34
2024-07-31,Laptop,4,3625.18
2024-08-01,Phone,6,3587.63
2024-08-02,Tablet,10,3106.08
2024-08-03,Mouse,5,202.08
2024-08-04,Keyboard,10,879.93
2024-08-05,Monitor,6,1362.85
2024-08-06,Headphones,2,187.87
2024-08-07,Printer,6,756.22
2024-08-08,Headphones,5,565.32
2024-08-09,Phone,6,3133.57
2024-08-10,Mouse,7,254.89
2024-08-11,Printer,3,504.02
2024-08-12,Phone,1,712.56
2024-08-13,Mouse,7,261.28
2024-08-14,Headphones,3,342.85
2024-08-15,Mouse,3,97.89
2024-08-16,Mouse,2,55.29
2024-08-17,Laptop,3,3106.18
2024-08-18,Headphones,2,295.81
2024-08-19,Phone,3,2124.35
2024-08-20,Mouse,7,247.01
2024-08-21,Laptop,5,4394.1
2024-08-22,Headphones,6,683.08
2024-08-23,Mouse,6,232.44
2024-08-24,Mouse,6,256.83
2024-08-25,Laptop,8,8765.88
2024-08-26,Headphones,9,986.81
2024-08-27,Printer,4,522.72
2024-08-28,Printer,6,730.74
2024-08-29,Keyboard,1,83.36
2024-08-30,Keyboard,8,715.46
2024-08-31,Printer,9,1413.78
2024-09-01,Tablet,2,885.06
2024-09-02,Tablet,2,721.49
2024-09-03,Headphones,3,362.8
2024-09-04,Monitor,3,736.81
2024-09-05,Printer,9,1085.53
2024-09-06,Printer,3,460.45
2024-09-07,Monitor,6,1645.88
2024-09-08,Keyboard,6,543.77
2024-09-09,Tablet,3,968.85
2024-09-10,Keyboard,5,364.25
2024-09-11,Printer,2,314.0
2024-09-12,Keyboard,9,575.32
2024-09-13,Keyboard,3,198.75
2024-09-14,Monitor,3,820.76
2024-09-15,Laptop,4,4239.67
2024-09-16,Mouse,8,300.04
2024-09-17,Printer,5,732.67
2024-09-18,Laptop,4,3523.28
2024-09-19,Tablet,2,684.42
2024-09-20,Phone,4,2044.56
2024-09-21,Keyboard,6,527.7
2024-09-22,Keyboard,2,136.82
2024-09-23,Mouse,3,85.12
2024-09-24,Printer,1,142.99
2024-09-25,Monitor,2,447.69
2024-09-26,Headphones,2,229.69
2024-09-27,Phone,10,4699.77
2024-09-28,Headphones,2,232.78
2024-09-29,Monitor,3,818.71
2024-09-30,Mouse,7,240.25
2024-10-01,Mouse,7,275.53
2024-10-02,Mouse,5,162.12
2024-10-03,Tablet,5,2124.58
2024-10-04,Monitor,1,211.43
2024-10-05,Monitor,7,1839.77
2024-10-06,Headphones,8,1182.04
2024-10-07,Keyboard,4,308.67
2024-10-08,Phone,4,2894.15
2024-10-09,Mouse,8,311.58
2024-10-10,Headphones,7,642.11
2024-10-11,Printer,2,262.83
2024-10-12,Phone,2,1375.09
2024-10-13,Printer,2,321.03
2024-10-14,Laptop,9,8742.23
2024-10-15,Monitor,1,208.15
2024-10-16,Printer,6,889.6
2024-10-17,Keyboard,1,67.67
2024-10-18,Tablet,9,3705.78
2024-10-19,Laptop,3,3539.65
2024-10-20,Headphones,4,543.04
2024-10-21,Phone,3,1927.62
2024-10-22,Printer,8,1168.04
2024-10-23,Headphones,3,341.93
2024-10-24,Phone,1,557.65
2024-10-25,Headphones,9,1051.45
2024-10-26,Mouse,5,203.93
2024-10-27,Laptop,8,7627.09
2024-10-28,Mouse,4,163.71
2024-10-29,Tablet,3,1061.65
2024-10-30,Mouse,6,225.16
2024-10-31,Printer,7,742.74
2024-11-01,Monitor,2,766.29
2024-11-02,Printer,3,871.35
2024-11-03,Laptop,2,3617.74
2024-11-04,Mouse,4,244.89
2024-11-05,Laptop,6,9622.96
2024-11-06,Tablet,6,3720.57
2024-11-07,Mouse,7,462.54
2024-11-08,Mouse,2,136.08
2024-11-09,Headphones,2,451.45
2024-11-10,Tablet,6,4044.06
2024-11-11,Printer,6,1781.33
2024-11-12,Keyboard,1,123.31
2024-11-13,Tablet,9,6083.58
2024-11-14,Laptop,6,9391.02
2024-11-15,Monitor,5,2195.53
2024-11-16,Phone,5,6228.01
2024-11-17,Tablet,9,6941.68
2024-11-18,Tablet,6,4747.83
2024-11-19,Printer,9,2475.07
2024-11-20,Headphones,10,2298.42
2024-11-21,Headphones,7,1367.71
2024-11-22,Headphones,1,199.64
2024-11-23,Tablet,6,4599.0
2024-11-24,Mouse,10,816.47
2024-11-25,Phone,5,5401.83
2024-11-26,Keyboard,7,901.59
2024-11-27,Headphones,9,1987.88
2024-11-28,Keyboard,5,648.0
2024-11-29,Monitor,3,1153.34
2024-11-30,Laptop,8,15672.42
2024-12-01,Printer,6,2306.22
2024-12-02,Tablet,4,3089.37
2024-12-03,Mouse,2,158.49
2024-12-04,Phone,7,9113.23
2024-12-05,Printer,9,3178.65
2024-12-06,Monitor,5,2728.45
2024-12-07,Tablet,6,5633.81
2024-12-08,Laptop,1,2016.98
2024-12-09,Phone,9,10154.37
2024-12-10,Phone,9,11224.73
2024-12-11,Tablet,5,4279.87
2024-12-12,Printer,8,2669.49
2024-12-13,Monitor,4,1893.16
2024-12-14,Keyboard,8,1483.35
2024-12-15,Monitor,9,5708.08
2024-12-16,Keyboard,2,313.49
2024-12-17,Headphones,4,917.86
2024-12-18,Laptop,8,12084.97
2024-12-19,Mouse,10,763.86
2024-12-20,Mouse,5,399.55
2024-12-21,Keyboard,2,366.65
2024-12-22,Keyboard,10,1769.37
2024-12-23,Tablet,6,3908.67
2024-12-24,Mouse,8,626.87
2024-12-25,Headphones,6,1400.1
2024-12-26,Laptop,4,6049.35
2024-12-27,Laptop,2,3766.38
2024-12-28,Tablet,7,6419.51
2024-12-29,Phone,6,8068.05
2024-12-30,Headphones,3,619.49
2024-12-31,Laptop,5,10185.26
2025-01-01,Printer,2,455.76
2025-01-02,Phone,8,7655.74
2025-01-03,Keyboard,4,493.11
2025-01-04,Monitor,1,360.46
2025-01-05,Tablet,4,3169.62
2025-01-06,Keyboard,9,1071.81
2025-01-07,Mouse,10,543.42
2025-01-08,Headphones,10,1944.02
2025-01-09,Monitor,5,1605.0
2025-01-10,Phone,7,5741.78
2025-01-11,Printer,6,1583.68
2025-01-12,Tablet,10,6854.37
2025-01-13,Headphones,9,1551.38
2025-01-14,Laptop,7,10254.12
2025-01-15,Laptop,3,4727.72
2025-01-16,Tablet,3,1621.43
2025-01-17,Laptop,7,7856.92
2025-01-18,Phone,4,4860.92
2025-01-19,Mouse,4,225.21
2025-01-20,Laptop,2,3204.41
2025-01-21,Laptop,10,12690.52
2025-01-22,Laptop,1,1482.96
2025-01-23,Keyboard,2,205.03
2025-01-24,Headphones,5,923.6
2025-01-25,Printer,8,2329.27
2025-01-26,Phone,3,4184.45
2025-01-27,Tablet,7,3948.88
2025-01-28,Headphones,7,1318.79
2025-01-29,Phone,4,3145.97
2025-01-30,Mouse,8,459.44
2025-01-31,Laptop,3,3961.94
2025-02-01,Keyboard,9,1372.34
2025-02-02,Tablet,4,3228.28
2025-02-03,Laptop,3,4369.6
2025-02-04,Monitor,8,3295.49
2025-02-05,Printer,10,2707.22
2025-02-06,Headphones,3,401.1
2025-02-07,Mouse,8,566.8
2025-02-08,Headphones,7,1560.82
2025-02-09,Mouse,9,725.62
2025-02-10,Laptop,9,13369.82
2025-02-11,Laptop,10,14282.71
2025-02-12,Printer,7,1939.22
2025-02-13,Keyboard,4,495.73
2025-02-14,Headphones,6,1225.89
2025-02-15,Laptop,5,10284.11
2025-02-16,Mouse,7,574.29
2025-02-17,Mouse,9,580.31
2025-02-18,Printer,3,721.09
2025-02-19,Tablet,6,3350.28
2025-02-20,Headphones,7,1416.1
2025-02-21,Keyboard,5,582.59
2025-02-22,Printer,1,263.35
2025-02-23,Phone,10,9917.85
2025-02-24,Printer,2,525.01
2025-02-25,Tablet,10,7181.91
2025-02-26,Keyboard,9,1187.73
2025-02-27,Monitor,9,3351.7
2025-02-28,Tablet,5,3608.31
2025-03-01,Monitor,9,4343.34
2025-03-02,Tablet,4,3104.83
2025-03-03,Phone,8,8693.25
2025-03-04,Monitor,7,2952.79
2025-03-05,Monitor,10,3871.06
2025-03-06,Monitor,9,3804.47
2025-03-07,Mouse,9,548.89
2025-03-08,Mouse,6,488.57
2025-03-09,Headphones,7,1765.59
2025-03-10,Printer,1,255.24
2025-03-11,Headphones,4,626.72
2025-03-12,Phone,1,1033.73
2025-03-13,Headphones,8,1630.95
2025-03-14,Tablet,3,2009.75
2025-03-15,Printer,3,1108.46
2025-03-16,Mouse,1,76.59
2025-03-17,Printer,3,628.03
2025-03-18,Tablet,10,6877.03
2025-03-19,Headphones,7,1503.01
2025-03-20,Phone,8,8325.39
2025-03-21,Printer,7,2066.22
2025-03-22,Keyboard,8,1251.38
2025-03-23,Headphones,8,1891.07
2025-03-24,Headphones,1,160.36
2025-03-25,Tablet,5,3382.81
2025-03-26,Tablet,1,642.7
2025-03-27,Headphones,5,1043.54
2025-03-28,Keyboard,8,966.82
2025-03-29,Printer,9,3069.7
2025-03-30,Tablet,6,4477.71
2025-03-31,Monitor,7,2685.41
2025-04-01,Headphones,1,215.19
2025-04-02,Monitor,7,2948.95
2025-04-03,Keyboard,7,1015.94
2025-04-04,Printer,4,957.98
2025-04-05,Mouse,8,574.04
2025-04-06,Laptop,8,12091.56
2025-04-07,Phone,10,9846.25
2025-04-08,Mouse,2,114.34
2025-04-09,Phone,4,3287.12
2025-04-10,Headphones,7,1199.84
2025-04-11,Tablet,3,1873.94
2025-04-12,Printer,2,517.05
2025-04-13,Headphones,8,1851.72
2025-04-14,Tablet,7,4439.9
2025-04-15,Monitor,6,2241.21
2025-04-16,Headphones,3,525.92
2025-04-17,Headphones,3,493.24
2025-04-18,Phone,6,6548.82
2025-04-19,Tablet,6,4903.3
2025-04-20,Laptop,6,9634.88
2025-04-21,Laptop,4,7350.42
2025-04-22,Tablet,6,3409.96
2025-04-23,Tablet,5,3272.57
2025-04-24,Phone,9,7867.42
2025-04-25,Mouse,1,63.27
2025-04-26,Laptop,9,15909.39
2025-04-27,Headphones,3,672.83
2025-04-28,Mouse,10,661.24
2025-04-29,Printer,6,1508.21
2025-04-30,Tablet,4,2475.68
2025-05-01,Tablet,5,2837.2
2025-05-02,Monitor,4,1493.99
2025-05-03,Mouse,9,637.39
2025-05-04,Laptop,10,14035.57
2025-05-05,Phone,4,3896.07
2025-05-06,Mouse,7,357.08
2025-05-07,Monitor,4,1283.59
2025-05-08,Printer,2,419.96
2025-05-09,Printer,2,491.37
2025-05-10,Tablet,2,1585.24
2025-05-11,Keyboard,7,1005.4
2025-05-12,Tablet,4,2404.08
2025-05-13,Tablet,8,4821.83
2025-05-14,Laptop,7,8464.42
2025-05-15,Printer,8,1805.95
2025-05-16,Laptop,6,7767.01
2025-05-17,Tablet,9,6739.95
2025-05-18,Laptop,6,9549.66
2025-05-19,Mouse,9,569.22
2025-05-20,Tablet,6,3368.21
2025-05-21,Phone,8,8826.49
2025-05-22,Mouse,2,106.18
2025-05-23,Phone,6,5777.0
2025-05-24,Mouse,4,313.06
2025-05-25,Keyboard,7,964.66
2025-05-26,Headphones,1,160.6
2025-05-27,Monitor,3,1216.04
2025-05-28,Laptop,6,7436.89
2025-05-29,Keyboard,5,606.21
2025-05-30,Monitor,3,927.48
2025-05-31,Mouse,4,313.52
2025-06-01,Laptop,4,5622.26
2025-06-02,Headphones,8,1005.25
2025-06-03,Mouse,10,517.67
2025-06-04,Headphones,8,1119.83
2025-06-05,Printer,7,1540.77
2025-06-06,Printer,5,885.45
2025-06-07,Phone,10,8291.16
2025-06-08,Monitor,1,382.96
2025-06-09,Keyboard,3,291.4
2025-06-10,Mouse,3,154.62
2025-06-11,Mouse,10,392.17
2025-06-12,Monitor,1,284.7
2025-06-13,Keyboard,9,713.33
2025-06-14,Monitor,6,2080.68
2025-06-15,Monitor,4,1175.59
2025-06-16,Monitor,7,2434.92
2025-06-17,Mouse,2,95.33
2025-06-18,Mouse,6,279.71
2025-06-19,Keyboard,1,109.63
2025-06-20,Keyboard,1,115.72
2025-06-21,Tablet,10,5651.75
2025-06-22,Phone,3,2910.46
2025-06-23,Headphones,7,889.64
2025-06-24,Monitor,6,1643.99
2025-06-25,Keyboard,8,701.94
2025-06-26,Printer,9,1514.52
2025-06-27,Tablet,3,1218.01
2025-06-28,Phone,8,7013.15
2025-06-29,Phone,2,2022.65
2025-06-30,Tablet,6,2892.35
2025-07-01,Monitor,1,256.44
2025-07-02,Mouse,7,310.4
2025-07-03,Monitor,5,1172.23
2025-07-04,Phone,1,754.29
2025-07-05,Monitor,5,1639.54
2025-07-06,Laptop,1,1349.79
2025-07-07,Tablet,3,1315.83
2025-07-08,Monitor,5,1367.57
2025-07-09,Printer,9,1386.08
2025-07-10,Keyboard,9,860.2
2025-07-11,Laptop,6,6200.8
2025-07-12,Printer,9,1453.04
2025-07-13,Laptop,7,8407.89
2025-07-14,Keyboard,3,245.78
2025-07-15,Monitor,3,857.97
2025-07-16,Tablet,5,2498.49
2025-07-17,Phone,3,1821.0
2025-07-18,Printer,2,368.85
2025-07-19,Headphones,4,474.49
2025-07-20,Laptop,1,1200.26
2025-07-21,Mouse,6,238.09
2025-07-22,Monitor,4,910.06
2025-07-23,Keyboard,8,633.17
2025-07-24,Tablet,7,2795.09
2025-07-25,Headphones,10,993.79
2025-07-26,Monitor,2,599.21
2025-07-27,Headphones,2,370.57
2025-07-28,Mouse,8,315.04
2025-07-29,Printer,9,1542.55
2025-07-30,Phone,10,7279.06
2025-07-31,Monitor,10,2751.21
2025-08-01,Headphones,1,102.14
2025-08-02,Headphones,9,1379.75
2025-08-03,Monitor,6,1655.73
2025-08-04,Monitor,3,680.7
2025-08-05,Mouse,10,377.15
2025-08-06,Keyboard,10,809.87
2025-08-07,Headphones,10,1292.44
2025-08-08,Printer,8,1106.67
2025-08-09,Printer,9,1477.61
2025-08-10,Keyboard,10,827.18
2025-08-11,Headphones,1,99.48
2025-08-12,Tablet,10,3789.94
2025-08-13,Monitor,2,440.49
2025-08-14,Keyboard,6,468.25
2025-08-15,Laptop,3,2710.48
2025-08-16,Laptop,5,5624.23
2025-08-17,Phone,4,3016.87
2025-08-18,Printer,7,1091.03
2025-08-19,Monitor,6,1421.03
2025-08-20,Headphones,1,118.77
2025-08-21,Headphones,8,919.29
2025-08-22,Printer,2,249.75
2025-08-23,Printer,6,921.15
2025-08-24,Printer,8,1375.33
2025-08-25,Monitor,7,1481.48
2025-08-26,Keyboard,6,472.74
2025-08-27,Printer,4,627.83
2025-08-28,Tablet,3,1225.96
2025-08-29,Monitor,1,215.49
2025-08-30,Keyboard,5,492.94
2025-08-31,Tablet,6,3020.4
2025-09-01,Printer,7,1041.72
2025-09-02,Monitor,10,2522.58
2025-09-03,Mouse,10,385.83
2025-09-04,Tablet,9,3210.97
2025-09-05,Tablet,2,657.81
2025-09-06,Phone,9,6350.32
2025-09-07,Printer,2,288.98
2025-09-08,Monitor,5,996.2
2025-09-09,Mouse,2,85.54
2025-09-10,Headphones,6,669.41
2025-09-11,Laptop,2,1828.72
2025-09-12,Tablet,7,2499.5
2025-09-13,Monitor,9,2415.96
2025-09-14,Tablet,9,3284.18
2025-09-15,Tablet,1,380.37
2025-09-16,Printer,7,861.81
2025-09-17,Headphones,6,653.53
2025-09-18,Keyboard,2,153.34
2025-09-19,Keyboard,2,146.63
2025-09-20,Headphones,2,265.18
2025-09-21,Tablet,8,3807.17
2025-09-22,Keyboard,4,281.22
2025-09-23,Printer,10,1478.14
2025-09-24,Keyboard,2,116.83
2025-09-25,Headphones,6,663.94
2025-09-26,Phone,8,4567.0
2025-09-27,Headphones,8,923.71
2025-09-28,Mouse,8,341.52
2025-09-29,Headphones,4,415.53
2025-09-30,Monitor,7,1534.94
2025-10-01,Printer,5,740.3
2025-10-02,Monitor,8,1669.3
2025-10-03,Laptop,7,5821.85
2025-10-04,Laptop,8,8225.11
2025-10-05,Mouse,7,284.02
2025-10-06,Headphones,1,119.13
2025-10-07,Mouse,3,114.53
2025-10-08,Keyboard,2,145.42
2025-10-09,Keyboard,8,500.45
2025-10-10,Phone,4,2660.43
2025-10-11,Mouse,9,298.28
2025-10-12,Printer,8,1179.26
2025-10-13,Printer,8,1129.5
2025-10-14,Mouse,8,284.78
2025-10-15,Laptop,4,3346.8
2025-10-16,Mouse,4,156.85
2025-10-17,Monitor,2,419.36
2025-10-18,Printer,6,1062.53
2025-10-19,Monitor,5,1219.31
2025-10-20,Printer,6,825.56
2025-10-21,Printer,3,488.88
2025-10-22,Headphones,7,770.94
2025-10-23,Monitor,10,2035.59
2025-10-24,Laptop,7,6145.02
2025-10-25,Laptop,6,5988.81
2025-10-26,Mouse,9,472.95
2025-10-27,Printer,1,160.09
2025-10-28,Monitor,10,2308.02
2025-10-29,Monitor,1,179.25
2025-10-30,Printer,9,993.46
2025-10-31,Laptop,6,6388.4
2025-11-01,Tablet,7,5464.92
2025-11-02,Printer,7,2085.82
2025-11-03,Monitor,4,1596.38
2025-11-04,Printer,1,188.02
2025-11-05,Laptop,5,8972.77
2025-11-06,Headphones,10,1926.71
2025-11-07,Keyboard,6,787.62
2025-11-08,Laptop,6,9345.27
2025-11-09,Monitor,6,2694.31
2025-11-10,Tablet,3,1956.43
2025-11-11,Mouse,6,361.53
2025-11-12,Mouse,6,414.38
2025-11-13,Printer,7,1587.78
2025-11-14,Keyboard,3,390.94
2025-11-15,Phone,3,3560.08
2025-11-16,Tablet,5,4107.64
2025-11-17,Keyboard,4,453.78
2025-11-18,Keyboard,5,680.94
2025-11-19,Phone,4,3737.86
2025-11-20,Mouse,10,580.97
2025-11-21,Phone,1,1158.11
2025-11-22,Keyboard,4,654.16
2025-11-23,Laptop,1,1704.81
2025-11-24,Phone,8,7946.45
2025-11-25,Phone,7,6471.33
2025-11-26,Phone,7,6663.21
2025-11-27,Mouse,1,68.48
2025-11-28,Monitor,2,841.41
2025-11-29,Keyboard,2,363.75
2025-11-30,Mouse,2,154.83
2025-12-01,Mouse,2,141.01
2025-12-02,Printer,3,800.1
2025-12-03,Headphones,9,2335.71
2025-12-04,Mouse,7,515.67
2025-12-05,Printer,4,1286.76
2025-12-06,Laptop,6,12371.95
2025-12-07,Monitor,1,575.06
2025-12-08,Printer,9,2904.5
2025-12-09,Printer,1,303.94
2025-12-10,Printer,8,2420.74
2025-12-11,Tablet,1,655.97
2025-12-12,Tablet,7,5492.9
2025-12-13,Tablet,1,925.08
2025-12-14,Mouse,5,385.77
2025-12-15,Printer,7,2058.29
2025-12-16,Keyboard,5,797.47
2025-12-17,Mouse,3,259.51
2025-12-18,Tablet,3,2281.02
2025-12-19,Tablet,8,6303.24
2025-12-20,Headphones,1,275.29
2025-12-21,Keyboard,3,507.12
2025-12-22,Keyboard,7,953.73
2025-12-23,Mouse,3,175.63
2025-12-24,Laptop,4,7266.86
2025-12-25,Phone,4,5025.83
2025-12-26,Headphones,7,1881.78
2025-12-27,Headphones,3,721.85
2025-12-28,Printer,8,2511.54
2025-12-29,Tablet,1,774.66
2025-12-30,Printer,2,601.67
2025-12-31,Headphones,6,1393.75
2026-01-01,Printer,7,1425.22
2026-01-02,Keyboard,9,1062.35
2026-01-03,Printer,10,2960.16
2026-01-04,Tablet,3,1935.65
2026-01-05,Tablet,1,555.07
2026-01-06,Monitor,3,1100.77
2026-01-07,Phone,2,1634.4
2026-01-08,Monitor,2,768.36
2026-01-09,Laptop,6,7363.99
2026-01-10,Laptop,2,3136.8
2026-01-11,Laptop,4,5924.14
2026-01-12,Laptop,4,5714.58
2026-01-13,Laptop,4,5205.17
2026-01-14,Keyboard,10,1239.74
2026-01-15,Keyboard,9,866.83
2026-01-16,Mouse,8,465.65
2026-01-17,Laptop,7,10422.76
2026-01-18,Headphones,2,492.51
2026-01-19,Printer,2,470.11
2026-01-20,Phone,9,8954.13
2026-01-21,Phone,5,4270.86
2026-01-22,Monitor,5,1986.58
2026-01-23,Headphones,3,548.66
2026-01-24,Keyboard,7,990.9
2026-01-25,Monitor,6,2175.55
2026-01-26,Headphones,10,1604.62
2026-01-27,Phone,7,6927.68
2026-01-28,Monitor,4,1383.22
2026-01-29,Keyboard,8,876.98
2026-01-30,Mouse,1,60.29
2026-01-31,Keyboard,10,1166.47
2026-02-01,Mouse,1,71.9
2026-02-02,Laptop,1,1575.28
2026-02-03,Keyboard,10,1295.43
2026-02-04,Printer,6,1467.82
2026-02-05,Tablet,8,5283.35
2026-02-06,Tablet,1,658.98
2026-02-07,Monitor,5,2146.72
2026-02-08,Monitor,9,4173.9
2026-02-09,Phone,10,9901.3
2026-02-10,Keyboard,6,786.75
2026-02-11,Tablet,2,1267.24
2026-02-12,Keyboard,7,921.27
2026-02-13,Printer,7,2037.15
2026-02-14,Monitor,3,1370.08
2026-02-15,Laptop,3,5831.29
2026-02-16,Printer,10,2003.11
2026-02-17,Printer,8,1887.33
2026-02-18,Monitor,2,615.46
2026-02-19,Laptop,3,4050.35
2026-02-20,Phone,5,4138.75
2026-02-21,Printer,4,1154.14
2026-02-22,Printer,4,1216.03
2026-02-23,Mouse,10,534.51
2026-02-24,Printer,9,2340.58
2026-02-25,Monitor,2,772.91
2026-02-26,Laptop,3,4849.48
2026-02-27,Keyboard,10,1232.16
2026-02-28,Mouse,7,524.41
2026-03-01,Headphones,2,454.03
2026-03-02,Mouse,6,400.69
2026-03-03,Printer,10,2496.85
2026-03-04,Mouse,7,442.91
2026-03-05,Keyboard,10,1292.64
2026-03-06,Printer,9,2625.24
2026-03-07,Mouse,10,638.2
2026-03-08,Tablet,3,2517.77
2026-03-09,Phone,1,929.18
2026-03-10,Laptop,9,15715.21
2026-03-11,Tablet,5,3338.02
2026-03-12,Tablet,6,4017.75
2026-03-13,Laptop,4,7168.66
2026-03-14,Mouse,10,665.47
2026-03-15,Tablet,9,8177.94
2026-03-16,Laptop,2,3454.03
2026-03-17,Laptop,9,13764.08
2026-03-18,Headphones,7,1494.56
2026-03-19,Keyboard,9,1131.64
2026-03-20,Printer,9,2260.79
2026-03-21,Phone,10,12237.55
2026-03-22,Monitor,9,3893.66
2026-03-23,Laptop,3,4149.91
2026-03-24,Tablet,5,3361.92
2026-03-25,Mouse,6,409.16
2026-03-26,Headphones,9,1692.17
2026-03-27,Phone,2,1682.85
2026-03-28,Mouse,10,882.83
2026-03-29,Printer,6,1742.57
2026-03-30,Monitor,10,4307.6
2026-03-31,Headphones,4,783.22
2026-04-01,Tablet,8,5262.47
2026-04-02,Monitor,7,2478.87
2026-04-03,Headphones,1,190.29
2026-04-04,Monitor,1,482.36
2026-04-05,Mouse,10,714.41
2026-04-06,Printer,4,807.74
2026-04-07,Headphones,5,887.22
2026-04-08,Keyboard,7,941.6
2026-04-09,Mouse,4,232.43
2026-04-10,Headphones,5,933.4
2026-04-11,Monitor,4,2134.83
2026-04-12,Tablet,10,7053.16
2026-04-13,Monitor,4,1367.02
2026-04-14,Mouse,4,230.9
2026-04-15,Phone,6,6817.71
2026-04-16,Printer,2,582.93
2026-04-17,Mouse,6,345.46
2026-04-18,Mouse,4,272.05
2026-04-19,Tablet,6,4194.05
2026-04-20,Keyboard,4,553.07
2026-04-21,Laptop,4,6358.88
2026-04-22,Phone,2,2041.6
2026-04-23,Tablet,5,3031.8
2026-04-24,Keyboard,10,1252.88
2026-04-25,Monitor,7,3026.83
2026-04-26,Headphones,3,648.78
2026-04-27,Tablet,9,5082.57
2026-04-28,Mouse,3,157.14
2026-04-29,Phone,8,6398.05
2026-04-30,Laptop,7,10778.34
2026-05-01,Laptop,7,10070.98
2026-05-02,Mouse,4,291.33
2026-05-03,Headphones,1,257.29
2026-05-04,Laptop,1,1542.45
2026-05-05,Monitor,2,733.98
2026-05-06,Phone,8,6829.91
2026-05-07,Tablet,8,4608.78
2026-05-08,Phone,3,3086.64
2026-05-09,Laptop,6,8765.5
2026-05-10,Phone,1,1185.21
2026-05-11,Keyboard,4,541.96
2026-05-12,Keyboard,9,1032.13
2026-05-13,Phone,8,7086.6
2026-05-14,Laptop,8,10147.73
2026-05-15,Mouse,6,369.49
2026-05-16,Printer,6,1717.27
2026-05-17,Tablet,9,5778.72
2026-05-18,Printer,2,476.89
2026-05-19,Headphones,8,1209.63
2026-05-20,Laptop,10,12322.22
2026-05-21,Headphones,4,821.89
2026-05-22,Printer,6,1519.03
2026-05-23,Keyboard,2,241.36
2026-05-24,Mouse,5,400.97
2026-05-25,Printer,5,1374.38
2026-05-26,Phone,5,3832.44
2026-05-27,Printer,10,2543.51
2026-05-28,Headphones,6,1080.68
2026-05-29,Headphones,6,959.12
2026-05-30,Keyboard,4,464.11
2026-05-31,Mouse,4,300.13
2026-06-01,Headphones,2,253.84
2026-06-02,Mouse,5,262.68
2026-06-03,Headphones,5,840.95
2026-06-04,Monitor,6,2112.27
2026-06-05,Headphones,1,159.98
2026-06-06,Monitor,1,429.88
2026-06-07,Laptop,6,8839.97
2026-06-08,Mouse,4,212.93
2026-06-09,Monitor,8,2157.59
2026-06-10,Tablet,1,446.85
2026-06-11,Mouse,3,130.54
2026-06-12,Keyboard,7,646.95
2026-06-13,Printer,8,1943.64
2026-06-14,Monitor,9,3539.48
2026-06-15,Monitor,6,1702.75
2026-06-16,Laptop,4,4154.0
2026-06-17,Headphones,7,1043.12
2026-06-18,Keyboard,10,1032.79
2026-06-19,Printer,3,594.58
2026-06-20,Monitor,10,3951.83
2026-06-21,Mouse,1,70.06
2026-06-22,Keyboard,8,724.36
2026-06-23,Mouse,3,170.22
2026-06-24,Mouse,4,184.7
2026-06-25,Mouse,4,210.64
2026-06-26,Keyboard,3,310.85
2026-06-27,Keyboard,9,1030.37
2026-06-28,Mouse,6,297.43
2026-06-29,Tablet,3,1542.02
2026-06-30,Phone,3,2039.23
2026-07-01,Phone,7,5294.0
2026-07-02,Headphones,8,1256.64
2026-07-03,Tablet,7,2967.87
2026-07-04,Monitor,10,3195.03
2026-07-05,Phone,6,4036.09
2026-07-06,Keyboard,4,346.07
2026-07-07,Keyboard,1,92.11
2026-07-08,Printer,8,1392.48
2026-07-09,Tablet,4,1563.63
2026-07-10,Tablet,7,3381.43
2026-07-11,Mouse,4,216.21
2026-07-12,Keyboard,3,277.84
2026-07-13,Mouse,5,190.69
2026-07-14,Keyboard,4,381.82
2026-07-15,Tablet,1,374.42
2026-07-16,Headphones,6,848.18
2026-07-17,Laptop,7,6672.9
2026-07-18,Tablet,9,5068.44
2026-07-19,Phone,9,7210.79
2026-07-20,Headphones,3,363.59
2026-07-21,Keyboard,1,87.62
2026-07-22,Keyboard,10,847.42
2026-07-23,Tablet,5,2548.48
2026-07-24,Keyboard,7,548.63
2026-07-25,Laptop,10,11444.99
2026-07-26,Laptop,9,11468.27
2026-07-27,Phone,10,6923.6
2026-07-28,Phone,6,3382.6
2026-07-29,Tablet,4,1557.44
2026-07-30,Headphones,2,242.16
2026-07-31,Headphones,1,146.63
2026-08-01,Headphones,1,145.34
2026-08-02,Monitor,2,544.27
2026-08-03,Mouse,8,326.48
2026-08-04,Tablet,4,1359.55
2026-08-05,Tablet,9,3356.89
2026-08-06,Phone,3,1737.08
2026-08-07,Headphones,5,491.34
2026-08-08,Laptop,7,8358.32
2026-08-09,Keyboard,6,549.84
2026-08-10,Tablet,2,821.26
2026-08-11,Phone,10,6178.24
2026-08-12,Mouse,7,228.82
2026-08-13,Phone,7,4633.46
2026-08-14,Phone,6,3707.82
2026-08-15,Monitor,5,994.96
2026-08-16,Keyboard,9,841.66
2026-08-17,Monitor,9,2254.61
2026-08-18,Keyboard,5,298.62
2026-08-19,Phone,4,2574.74
2026-08-20,Monitor,5,1090.59
2026-08-21,Keyboard,5,319.93
2026-08-22,Phone,1,680.33
2026-08-23,Tablet,4,1860.15
2026-08-24,Tablet,2,742.13
2026-08-25,Printer,6,734.13
2026-08-26,Phone,6,2688.08
2026-08-27,Mouse,7,219.94
2026-08-28,Tablet,7,2242.48
2026-08-29,Monitor,1,279.93
2026-08-30,Laptop,10,12151.42
2026-08-31,Printer,10,1562.43
2026-09-01,Tablet,7,2801.05
2026-09-02,Tablet,3,898.51
2026-09-03,Tablet,10,3332.82
2026-09-04,Keyboard,6,367.28
2026-09-05,Mouse,3,121.67
2026-09-06,Phone,4,2842.57
2026-09-07,Monitor,4,928.67
2026-09-08,Tablet,9,4016.48
2026-09-09,Headphones,5,635.44
2026-09-10,Laptop,10,8900.97
2026-09-11,Tablet,8,2672.73
2026-09-12,Headphones,9,1109.2
2026-09-13,Laptop,10,10871.27
2026-09-14,Headphones,9,1050.49
2026-09-15,Monitor,6,1300.21
2026-09-16,Phone,2,1134.67
2026-09-17,Tablet,9,3099.94
2026-09-18,Printer,9,1207.27
2026-09-19,Printer,4,648.37
2026-09-20,Laptop,2,2027.81
2026-09-21,Printer,3,422.2
2026-09-22,Printer,7,1028.1
2026-09-23,Keyboard,5,371.73
2026-09-24,Monitor,2,463.69
2026-09-25,Monitor,2,481.59
2026-09-26,Tablet,3,1420.07
2026-09-27,Monitor,5,1274.16
2026-09-28,Mouse,8,281.28
2026-09-29,Laptop,1,867.13
2026-09-30,Monitor,8,1669.75
2026-10-01,Keyboard,3,249.17
2026-10-02,Headphones,1,101.29
2026-10-03,Tablet,4,1635.13
2026-10-04,Tablet,8,3703.71
2026-10-05,Printer,6,932.89
2026-10-06,Keyboard,6,333.39
2026-10-07,Printer,3,399.66
2026-10-08,Headphones,7,755.15
2026-10-09,Monitor,6,1514.62
2026-10-10,Tablet,7,2745.47
2026-10-11,Printer,2,313.36
2026-10-12,Laptop,7,6381.48
2026-10-13,Monitor,2,435.97
2026-10-14,Printer,4,493.28
2026-10-15,Tablet,6,2483.54
2026-10-16,Laptop,5,4077.04
2026-10-17,Phone,8,5535.66
2026-10-18,Monitor,4,1326.11
2026-10-19,Mouse,6,262.24
2026-10-20,Laptop,2,1514.57
2026-10-21,Laptop,10,8880.77
2026-10-22,Laptop,6,5207.93
2026-10-23,Keyboard,2,134.85
2026-10-24,Phone,1,706.19
2026-10-25,Headphones,8,1168.03
2026-10-26,Headphones,9,1004.42
2026-10-27,Mouse,1,37.86
2026-10-28,Laptop,2,1967.31
2026-10-29,Mouse,3,115.94
2026-10-30,Keyboard,3,249.17
2026-10-31,Laptop,1,965.24
2026-11-01,Printer,8,2329.06
2026-11-02,Monitor,2,804.98
2026-11-03,Keyboard,5,520.53
2026-11-04,Phone,6,5676.24
2026-11-05,Monitor,10,3901.51
2026-11-06,Phone,9,8541.35
2026-11-07,Headphones,9,1875.86
2026-11-08,Monitor,4,2081.46
2026-11-09,Laptop,10,17109.33
2026-11-10,Headphones,1,189.2
2026-11-11,Headphones,2,420.73
2026-11-12,Monitor,2,701.23
2026-11-13,Laptop,8,13065.53
2026-11-14,Tablet,9,6614.56
2026-11-15,Mouse,10,660.74
2026-11-16,Headphones,8,1532.35
2026-11-17,Keyboard,8,961.02
2026-11-18,Headphones,7,1501.11
2026-11-19,Mouse,7,467.7
2026-11-20,Mouse,10,681.67
2026-11-21,Laptop,2,3941.76
2026-11-22,Headphones,7,1667.86
2026-11-23,Mouse,10,585.13
2026-11-24,Monitor,10,3513.45
2026-11-25,Tablet,2,1451.5
2026-11-26,Tablet,6,4220.84
2026-11-27,Keyboard,3,328.18
2026-11-28,Keyboard,8,1283.27
2026-11-29,Headphones,7,1692.25
2026-11-30,Tablet,7,4642.21
2026-12-01,Headphones,7,1431.49
2026-12-02,Keyboard,3,456.95
2026-12-03,Keyboard,8,1213.24
2026-12-04,Tablet,8,6109.0
2026-12-05,Tablet,10,8316.99
2026-12-06,Laptop,7,15736.98
2026-12-07,Laptop,6,11394.86
2026-12-08,Printer,2,608.96
2026-12-09,Laptop,7,13058.82
2026-12-10,Laptop,8,13316.03
2026-12-11,Keyboard,2,276.33
2026-12-12,Headphones,3,742.62
2026-12-13,Keyboard,8,1424.27
2026-12-14,Monitor,8,3458.68
2026-12-15,Keyboard,7,1122.67
2026-12-16,Laptop,1,1663.17
2026-12-17,Keyboard,4,610.68
2026-12-18,Tablet,3,2204.16
2026-12-19,Keyboard,7,1487.62
2026-12-20,Headphones,7,1954.05
2026-12-21,Mouse,1,72.49
2026-12-22,Phone,4,3965.09
2026-12-23,Laptop,3,5780.49
2026-12-24,Printer,5,1477.43
2026-12-25,Keyboard,1,160.01
2026-12-26,Headphones,8,2227.83
2026-12-27,Keyboard,2,323.59
2026-12-28,Monitor,6,2945.6
2026-12-29,Monitor,8,3464.31
2026-12-30,Monitor,3,1479.43
2026-12-31,Phone,8,9928.23
2027-01-01,Printer,4,959.01
2027-01-02,Keyboard,9,1246.9
2027-01-03,Mouse,2,136.04
2027-01-04,Monitor,9,2713.95
2027-01-05,Keyboard,8,864.13
2027-01-06,Mouse,9,392.67
2027-01-07,Printer,4,1048.73
2027-01-08,Tablet,5,2765.19
2027-01-09,Printer,2,497.05
2027-01-10,Laptop,10,19585.95
2027-01-11,Monitor,2,703.96
2027-01-12,Keyboard,6,727.4
2027-01-13,Laptop,7,9202.64
2027-01-14,Printer,3,736.97
2027-01-15,Laptop,5,6644.3
2027-01-16,Laptop,2,2865.53
2027-01-17,Laptop,4,5422.39
2027-01-18,Phone,7,6509.36
2027-01-19,Mouse,6,365.52
2027-01-20,Monitor,1,357.7
2027-01-21,Monitor,1,309.27
2027-01-22,Mouse,2,127.73
2027-01-23,Tablet,1,649.57
2027-01-24,Headphones,6,1282.88
2027-01-25,Keyboard,2,227.55
2027-01-26,Phone,6,5269.51
2027-01-27,Mouse,1,68.45
2027-01-28,Phone,1,864.3
2027-01-29,Monitor,2,675.34
2027-01-30,Tablet,7,5556.54
2027-01-31,Printer,2,565.7
2027-02-01,Keyboard,1,105.5
2027-02-02,Headphones,2,388.84
2027-02-03,Keyboard,9,1070.03
2027-02-04,Tablet,10,6717.74
2027-02-05,Printer,4,952.12
2027-02-06,Printer,6,1835.09
2027-02-07,Monitor,3,1208.7
2027-02-08,Keyboard,9,1059.11
2027-02-09,Keyboard,6,630.07
2027-02-10,Tablet,4,2673.97
2027-02-11,Phone,2,2175.83
2027-02-12,Laptop,2,2704.15
2027-02-13,Keyboard,7,946.22
2027-02-14,Laptop,8,14972.11
2027-02-15,Tablet,9,5167.27
2027-02-16,Headphones,2,384.79
2027-02-17,Mouse,1,71.2
2027-02-18,Tablet,1,666.83
2027-02-19,Headphones,6,1087.07
2027-02-20,Printer,10,3498.19
2027-02-21,Phone,1,1217.72
2027-02-22,Laptop,7,10639.02
2027-02-23,Headphones,2,387.12
2027-02-24,Keyboard,4,486.86
2027-02-25,Printer,3,875.31
2027-02-26,Phone,10,9841.49
2027-02-27,Headphones,6,1175.35
2027-02-28,Keyboard,9,1225.37
2027-03-01,Mouse,10,677.31
2027-03-02,Keyboard,3,340.68
2027-03-03,Monitor,7,2240.48
2027-03-04,Phone,7,7936.33
2027-03-05,Monitor,9,3882.11
2027-03-06,Mouse,2,149.76
2027-03-07,Monitor,6,2883.62
2027-03-08,Monitor,10,4143.34
2027-03-09,Mouse,2,146.91
2027-03-10,Laptop,9,16374.85
2027-03-11,Phone,2,2123.79
2027-03-12,Tablet,7,4662.75
2027-03-13,Headphones,6,1584.15
2027-03-14,Monitor,10,4819.28
2027-03-15,Headphones,5,869.27
2027-03-16,Keyboard,1,135.99
2027-03-17,Monitor,10,3871.59
2027-03-18,Tablet,8,5592.66
2027-03-19,Keyboard,1,162.56
2027-03-20,Printer,2,480.6
2027-03-21,Phone,7,8282.88
2027-03-22,Mouse,9,520.07
2027-03-23,Phone,9,10433.65
2027-03-24,Mouse,5,301.47
2027-03-25,Printer,8,2039.36
2027-03-26,Laptop,1,1648.25
2027-03-27,Printer,9,2685.81
2027-03-28,Headphones,8,1960.53
2027-03-29,Mouse,2,127.22
2027-03-30,Printer,8,1878.6
2027-03-31,Phone,7,7862.56
2027-04-01,Mouse,8,457.18
2027-04-02,Mouse,2,139.45
2027-04-03,Laptop,9,16328.27
2027-04-04,Printer,8,2376.39
2027-04-05,Monitor,9,3398.57
2027-04-06,Headphones,5,756.92
2027-04-07,Monitor,3,1130.8
2027-04-08,Phone,10,9198.04
2027-04-09,Keyboard,1,118.73
2027-04-10,Phone,1,858.7
2027-04-11,Phone,3,4177.32
2027-04-12,Laptop,8,12575.53
2027-04-13,Monitor,3,1264.35
2027-04-14,Tablet,8,4928.86
2027-04-15,Headphones,4,767.95
2027-04-16,Keyboard,4,532.72
2027-04-17,Printer,8,2338.37
2027-04-18,Laptop,9,18112.8
2027-04-19,Phone,6,5711.86
2027-04-20,Mouse,7,526.47
2027-04-21,Headphones,6,1005.08
2027-04-22,Laptop,10,15855.29
2027-04-23,Phone,7,6725.06
2027-04-24,Headphones,3,679.27
2027-04-25,Headphones,4,826.86
2027-04-26,Headphones,10,1400.58
2027-04-27,Headphones,1,169.81
2027-04-28,Phone,10,10933.05
2027-04-29,Mouse,4,217.12
2027-04-30,Laptop,2,2666.49
2027-05-01,Headphones,4,883.6
2027-05-02,Headphones,8,1909.04
2027-05-03,Phone,4,3045.38
2027-05-04,Headphones,6,958.48
2027-05-05,Mouse,4,221.96
2027-05-06,Tablet,6,3183.46
2027-05-07,Keyboard,5,540.67
2027-05-08,Printer,3,630.08
2027-05-09,Keyboard,4,581.68
2027-05-10,Tablet,3,1798.86
2027-05-11,Phone,5,4744.66
2027-05-12,Monitor,3,1225.24
2027-05-13,Mouse,6,366.74
2027-05-14,Printer,10,1868.35
2027-05-15,Printer,3,738.03
2027-05-16,Phone,6,6030.41
2027-05-17,Headphones,7,1134.06
2027-05-18,Keyboard,3,357.53
2027-05-19,Laptop,7,8548.93
2027-05-20,Phone,5,4759.45
2027-05-21,Keyboard,9,1042.97
2027-05-22,Phone,6,6706.19
2027-05-23,Printer,3,790.82
2027-05-24,Headphones,9,1550.62
2027-05-25,Phone,8,6853.2
2027-05-26,Headphones,10,1653.02
2027-05-27,Mouse,4,249.23
2027-05-28,Phone,6,5112.06
2027-05-29,Phone,5,5325.9
2027-05-30,Keyboard,7,994.54
2027-05-31,Headphones,8,1170.94
2027-06-01,Phone,6,4415.49
2027-06-02,Keyboard,6,575.29
2027-06-03,Phone,7,6054.36
2027-06-04,Keyboard,10,1013.83
2027-06-05,Keyboard,8,911.59
2027-06-06,Tablet,10,5289.73
2027-06-07,Keyboard,5,562.83
2027-06-08,Laptop,7,6128.31
2027-06-09,Printer,9,1686.62
2027-06-10,Headphones,10,1503.39
2027-06-11,Headphones,10,1289.17
2027-06-12,Printer,10,2163.6
2027-06-13,Phone,9,8811.66
2027-06-14,Headphones,8,1190.51
2027-06-15,Mouse,2,94.21
2027-06-16,Phone,1,926.67
2027-06-17,Tablet,2,855.19
2027-06-18,Mouse,6,261.51
2027-06-19,Printer,5,1358.07
2027-06-20,Phone,7,7794.22
2027-06-21,Headphones,10,1620.32
2027-06-22,Tablet,2,884.88
2027-06-23,Monitor,6,1288.97
